{
   "fci": [
   {
   "n_det":     109018,
   "n_cfg":      10924,
   "n_csf":      28877,
   "states": [
   {
   "energy": -0.761207689932031E+02,
   "s2":  0.272841015766746E-12,
   "pt2": -0.271985151761303E-06,
   "pt2_err":  0.000000000000000E+00,
   "rpt2": -0.271985148763520E-06,
   "rpt2_err":  0.000000000000000E+00,
   "variance":  0.914493586160488E-05,
   "variance_err":  0.000000000000000E+00,
   "ex_energy": [
   ]
   }
   ]
   },
   {
   }
   ]
}
