{
   "fci": [
   {
   "n_det":      53631,
   "n_cfg":       6202,
   "n_csf":      15408,
   "states": [
   {
   "energy": -0.761207661583819E+02,
   "s2":  0.105483836524988E-10,
   "pt2": -0.304674227780133E-05,
   "pt2_err":  0.000000000000000E+00,
   "rpt2": -0.304674161450699E-05,
   "rpt2_err":  0.000000000000000E+00,
   "variance":  0.704714855212397E-04,
   "variance_err":  0.000000000000000E+00,
   "ex_energy": [
   ]
   }
   ]
   },
   {
   }
   ]
}
