{
   "fci": [
   {
   "n_det":     135190,
   "n_cfg":      10749,
   "n_csf":      35624,
   "states": [
   {
   "energy": -0.761206575269991E+02,
   "s2":  0.119234302692929E-08,
   "pt2": -0.110384711244693E-03,
   "pt2_err":  0.000000000000000E+00,
   "rpt2": -0.110383431969095E-03,
   "rpt2_err":  0.000000000000000E+00,
   "variance":  0.182426248885091E-02,
   "variance_err":  0.000000000000000E+00,
   "ex_energy": [
   ]
   }
   ]
   },
   {
   "n_det":     270431,
   "n_cfg":      22512,
   "n_csf":      69400,
   "states": [
   {
   "energy": -0.761207691988943E+02,
   "s2":  0.368793921573847E-10,
   "pt2": -0.593349573918545E-07,
   "pt2_err":  0.000000000000000E+00,
   "rpt2": -0.593349572085749E-07,
   "rpt2_err":  0.000000000000000E+00,
   "variance":  0.178588956224732E-05,
   "variance_err":  0.000000000000000E+00,
   "ex_energy": [
   -0.761207692589542E+02
   ]
   }
   ]
   },
   {
   }
   ]
}
