{
   "fci": [
   {
   "n_det":     107414,
   "n_cfg":      10781,
   "n_csf":      28494,
   "states": [
   {
   "energy": -0.761207689704897E+02,
   "s2":  0.340870299796952E-11,
   "pt2": -0.291446517615428E-06,
   "pt2_err":  0.000000000000000E+00,
   "rpt2": -0.291446513943315E-06,
   "rpt2_err":  0.000000000000000E+00,
   "variance":  0.951812307155696E-05,
   "variance_err":  0.000000000000000E+00,
   "ex_energy": [
   ]
   }
   ]
   },
   {
   }
   ]
}
