{
   "fci": [
   {
   "n_det":      49573,
   "n_cfg":       5667,
   "n_csf":      14187,
   "states": [
   {
   "energy": -0.761207648101772E+02,
   "s2":  0.122052916659108E-10,
   "pt2": -0.436360895261778E-05,
   "pt2_err":  0.000000000000000E+00,
   "rpt2": -0.436360751846604E-05,
   "rpt2_err":  0.000000000000000E+00,
   "variance":  0.953260089723780E-04,
   "variance_err":  0.000000000000000E+00,
   "ex_energy": [
   ]
   }
   ]
   },
   {
   }
   ]
}
