{
   "fci": [
   {
   "n_det":      99150,
   "n_cfg":      10203,
   "n_csf":      26706,
   "states": [
   {
   "energy": -0.761207688842211E+02,
   "s2":  0.392275442415488E-11,
   "pt2": -0.374709307619794E-06,
   "pt2_err":  0.000000000000000E+00,
   "rpt2": -0.374709301275614E-06,
   "rpt2_err":  0.000000000000000E+00,
   "variance":  0.119616504497362E-04,
   "variance_err":  0.000000000000000E+00,
   "ex_energy": [
   ]
   }
   ]
   },
   {
   }
   ]
}
