{
   "scf": [
   {
   "iteration":          1,
   "energy": -0.759838311039742E+02,
   "delta_energy_SCF": -0.304112290905323E-11,
   "max_error_DIIS":  0.163735787983962E-05,
   "level_shift":  0.000000000000000E+00,
   "dim_DIIS":          1,
   "saved": true,
   "converged": true
   }
   ]
}
