{
   "scf": [
   {
   "iteration":          1,
   "energy": -0.753489763709328E+02,
   "delta_energy_SCF": -0.696331881044898E-12,
   "max_error_DIIS":  0.297207041449043E-06,
   "level_shift":  0.000000000000000E+00,
   "dim_DIIS":          1,
   "saved": true,
   "converged": true
   }
   ]
}
